id,name,email,emailVerified,createdAt,updatedAt
0197d14a-78fd-4e97-8eb6-124b760a04cd,Rufus Schinner,johnpaul_schmeler@example.com,2025-09-19 07:07:43.806,2025-10-05 23:38:51.6,2025-10-05 23:38:51.6
06990645-7785-45e9-ad4e-e8dcd2a90444,Shawn Schneider,coy.deckow52@example.com,,2025-10-05 23:38:51.6,2025-10-05 23:38:51.6
0db42da7-7cf4-4ed9-acfb-37ea977cfcce,Brittany Ruecker,christine_ryan-weimann@example.com,2025-09-09 01:44:26.86,2025-10-05 23:38:51.6,2025-10-05 23:38:51.6
14f441d8-3e0b-49de-a9f7-b093c2a846ae,Jacquelyn Streich-Schumm,lulu_weimann91@example.com,,2025-10-05 23:38:51.6,2025-10-05 23:38:51.6
1c2e8093-5b99-4ff0-be63-b43bffead0c9,Randall Stehr,demetrius.gutkowski@example.com,,2025-10-05 23:38:51.6,2025-10-05 23:38:51.6
21b6cca8-466e-4e36-a46e-cc656be2c8a3,Rochelle Bode,,2025-08-10 08:14:04.56,2025-10-05 23:38:51.6,2025-10-05 23:38:51.6
237da846-4cbd-46bd-a195-2f6eee83fcf0,Dr. Kelly Goyette,adrienne_keebler@example.com,2025-08-22 16:05:09.393,2025-10-05 23:38:51.6,2025-10-05 23:38:51.6
2527cd80-e6cf-4052-94bf-db77ae57110c,Gloria Klein,antone_balistreri@example.com,2025-07-23 20:38:36.626,2025-10-05 23:38:51.6,2025-10-05 23:38:51.6
28a9c82f-45e7-4f8e-baa0-353ececbdba6,Conrad Hilpert,moises_torphy64@example.com,2025-08-18 14:43:21.085,2025-10-05 23:38:51.6,2025-10-05 23:38:51.6
2a978357-9736-4a60-af7b-6ceb52780015,Dr. Amber Schroeder V,chyna_lindgren89@example.com,,2025-10-05 23:38:51.6,2025-10-05 23:38:51.6
2cf3a4cf-7e6c-4c4b-816a-827efe86750c,Dr. Wilson Hilpert,,,2025-10-05 23:38:51.6,2025-10-05 23:38:51.6
2f190a0f-c250-44fb-a622-1bb058ce052e,Hugh Graham,mae.botsford26@example.com,2025-08-09 00:48:59.379,2025-10-05 23:38:51.6,2025-10-05 23:38:51.6
35779571-be2c-40f2-b637-bde6c9950328,Guadalupe White,dusty_ritchie-luettgen41@example.com,2025-09-01 00:23:19.119,2025-10-05 23:38:51.6,2025-10-05 23:38:51.6
3a6749a8-e149-4a5b-b590-7927f3ed8f6f,Laverne Ledner-Murphy,louvenia.kozey@example.com,,2025-10-05 23:38:51.6,2025-10-05 23:38:51.6
3d930174-78d7-48e1-a1f4-c4794e930fd7,Linda Kassulke,,,2025-10-05 23:38:51.6,2025-10-05 23:38:51.6
427ba0cf-1a85-4a7a-a271-c79cb5f17880,Lester Osinski,enola.prosacco@example.com,2025-09-06 10:14:44.093,2025-10-05 23:38:51.6,2025-10-05 23:38:51.6
50a2f0ef-53f0-43b9-9873-d507451e59e0,Nora Brakus IV,ozella_larkin@example.com,2025-09-26 13:58:39.324,2025-10-05 23:38:51.6,2025-10-05 23:38:51.6
5160d431-8cfb-45fb-aaf2-45b9b2402e15,Johnny Terry,sierra.hirthe57@example.com,2025-08-10 21:50:51.102,2025-10-05 23:38:51.6,2025-10-05 23:38:51.6
55c09bde-da6d-45cd-853f-9de5d7390770,Miss Frances Bailey,sammie.quigley@example.com,,2025-10-05 23:38:51.6,2025-10-05 23:38:51.6
56a084f4-7b02-4365-a669-f0ea58e5bf1a,Caroline Roob,jo_gottlieb23@example.com,2025-07-20 06:12:36.052,2025-10-05 23:38:51.6,2025-10-05 23:38:51.6
5c093c12-ef47-4bc0-8938-6948d53d7681,Miss Sophia Parisian,mertie_hane@example.com,2025-08-29 19:13:27.542,2025-10-05 23:38:51.6,2025-10-05 23:38:51.6
5ee93b3e-a750-4e8e-aff3-c32dd8af23a1,Cecilia Nitzsche,jolie.oconnell69@example.com,,2025-10-05 23:38:51.6,2025-10-05 23:38:51.6
61ef0398-c7eb-4b0c-be3e-733fd86ddcd6,Mr. Myron Hagenes,delphia.roob7@example.com,,2025-10-05 23:38:51.6,2025-10-05 23:38:51.6
66347c60-36ca-496f-bfde-371403fce918,Vivian Harber,emmett_bauch67@example.com,2025-07-19 14:01:40.183,2025-10-05 23:38:51.6,2025-10-05 23:38:51.6
6afca4a2-e043-4d0e-b801-2242f745fead,Miss Gertrude Berge DDS,tremayne.marks@example.com,,2025-10-05 23:38:51.6,2025-10-05 23:38:51.6
6bca01fc-0e74-456e-8305-deec115183f0,Brenda Smitham-Casper PhD,chad_jacobi63@example.com,2025-08-12 21:29:36.222,2025-10-05 23:38:51.6,2025-10-05 23:38:51.6
6daffbf1-6aea-45fc-8d92-b1eb8d406c48,Camille DuBuque,destany_schumm52@example.com,,2025-10-05 23:38:51.6,2025-10-05 23:38:51.6
78d30d78-1f0b-49e9-87a8-ad105e8b3ac0,Claire Block,kirstin_dietrich28@example.com,,2025-10-05 23:38:51.6,2025-10-05 23:38:51.6
7aa7ca13-dd87-409d-a216-21ad917d1fde,Mitchell Fritsch,chad_friesen@example.com,,2025-10-05 23:38:51.6,2025-10-05 23:38:51.6
7db121b9-90e4-458f-9baa-c14a41ad4e03,Ted Bernhard,garnet.reynolds-miller15@example.com,2025-09-07 10:56:31.581,2025-10-05 23:38:51.6,2025-10-05 23:38:51.6
80a0c014-4d1d-453a-ab42-86bc678992b0,Marta Dicki,trent.heaney@example.com,2025-07-23 21:59:24.943,2025-10-05 23:38:51.6,2025-10-05 23:38:51.6
83419437-35ee-41f7-8289-a1b7bc1c0068,Zachary Luettgen-Runte PhD,johnnie.fadel@example.com,2025-07-19 14:37:55.078,2025-10-05 23:38:51.6,2025-10-05 23:38:51.6
8688e660-1708-4439-bcc8-26f87f41a586,Leticia Terry,moises_larson-hand27@example.com,2025-09-22 03:59:03.77,2025-10-05 23:38:51.6,2025-10-05 23:38:51.6
89d3711d-ba23-4efd-a071-017c4e935c5b,Rudy Johns,bernice_keebler86@example.com,,2025-10-05 23:38:51.6,2025-10-05 23:38:51.6
8c81a2fb-3a9b-46c6-848d-ebd6d41329d2,Cristina Hermann,bernadette.nienow@example.com,,2025-10-05 23:38:51.6,2025-10-05 23:38:51.6
8ca2942a-c704-4ca6-bc2b-c5206b7f99f9,Alton Ratke IV,carolyn.moen@example.com,2025-08-17 06:03:29.712,2025-10-05 23:38:51.6,2025-10-05 23:38:51.6
92d21178-5e22-4490-9e8d-b139879681ad,Geraldine Abshire,garnet_kuvalis65@example.com,2025-09-28 18:32:07.95,2025-10-05 23:38:51.6,2025-10-05 23:38:51.6
95ed28c8-1480-425c-b5b1-3ce7f489e69e,Ms. Rachel Bode,augusta_tromp33@example.com,2025-09-18 13:02:31.941,2025-10-05 23:38:51.6,2025-10-05 23:38:51.6
9b225c9e-4e10-4af3-8f11-63556a417a1f,Sheri Mann,,,2025-10-05 23:38:51.6,2025-10-05 23:38:51.6
a4625a19-9a05-4166-b982-bc36ce18c7c6,Alexis Bosco,,,2025-10-05 23:38:51.6,2025-10-05 23:38:51.6
a8c7b372-149e-49f1-b438-135ba1cd85b7,Devin Hodkiewicz,abigayle_lowe65@example.com,2025-08-06 11:02:30.678,2025-10-05 23:38:51.6,2025-10-05 23:38:51.6
ae32cec0-0b4c-442b-abcb-a65486e9ec79,Tyler Morar,,,2025-10-05 23:38:51.6,2025-10-05 23:38:51.6
aed6f53e-1484-42bb-8326-c43ead54954f,Bridget Green,eldridge.stark@example.com,2025-08-24 22:02:26.491,2025-10-05 23:38:51.6,2025-10-05 23:38:51.6
bd42b4af-f3de-468f-8d9c-37f7d5d43508,Jean Hettinger,gilberto_koch94@example.com,2025-09-05 16:53:17.537,2025-10-05 23:38:51.6,2025-10-05 23:38:51.6
c967ab5c-9242-4087-b38d-105a6dbcf5b5,Percy Windler,montana.blanda@example.com,,2025-10-05 23:38:51.6,2025-10-05 23:38:51.6
ca8089f2-76b8-4739-b3f2-40781d018315,Brett Anderson,araceli.rutherford-donnelly@example.com,2025-07-18 13:30:15.572,2025-10-05 23:38:51.6,2025-10-05 23:38:51.6
ce27dd40-36d4-4f23-a7aa-b79a9a4ac8b8,Lowell Weimann,remington_champlin76@example.com,2025-09-17 10:44:30.674,2025-10-05 23:38:51.6,2025-10-05 23:38:51.6
d3b4dcd9-d4b0-4dea-9d1a-b13b9d31ff10,Troy Romaguera-Hirthe,rhoda_goyette@example.com,2025-08-15 03:58:01.515,2025-10-05 23:38:51.6,2025-10-05 23:38:51.6
d445bd54-0f33-4fbe-994d-fdc93f7fce3a,Jacquelyn Cormier,aric_windler69@example.com,,2025-10-05 23:38:51.6,2025-10-05 23:38:51.6
d457630e-a4a4-4507-b037-b0386b224f2d,Gretchen Huel,,2025-08-23 05:51:53.349,2025-10-05 23:38:51.6,2025-10-05 23:38:51.6
d75fe358-9307-41eb-9c0d-387b765813c7,Eunice Kuvalis,jamey_grant3@example.com,2025-08-25 21:43:18.101,2025-10-05 23:38:51.6,2025-10-05 23:38:51.6
da5d36c8-0072-42de-875e-ec26eccfef82,Luke Greenholt,axel.kiehn49@example.com,,2025-10-05 23:38:51.6,2025-10-05 23:38:51.6
e8489858-4b4c-4c69-a143-24300bdf84b3,Rex Kunde,sylvia.olson@example.com,2025-09-25 21:05:18.433,2025-10-05 23:38:51.6,2025-10-05 23:38:51.6
e8cd3a99-5004-4f7b-99a7-0936ad9b06ee,Sylvester Goyette PhD,kelli_kunde42@example.com,,2025-10-05 23:38:51.6,2025-10-05 23:38:51.6
ec32d578-2a11-416a-8ca0-12f94b439627,Leland Jenkins,,,2025-10-05 23:38:51.6,2025-10-05 23:38:51.6
ef6be6ae-9347-46e3-b448-c53deb053aab,Leslie Brakus,watson_toy@example.com,2025-07-24 18:37:56.588,2025-10-05 23:38:51.6,2025-10-05 23:38:51.6
f72ab206-4946-449c-a806-bd78506cb77f,Jorge Schamberger,lina_bechtelar@example.com,2025-09-12 22:34:17.223,2025-10-05 23:38:51.6,2025-10-05 23:38:51.6
f91bab52-1bec-48fe-b538-d13e5defed2b,Verna Wisozk,linda.bergnaum@example.com,2025-10-05 08:27:04.857,2025-10-05 23:38:51.6,2025-10-05 23:38:51.6
fb8799d2-61c7-42a6-b1c7-33ee5cb73297,Calvin Wehner,floy_schowalter@example.com,,2025-10-05 23:38:51.6,2025-10-05 23:38:51.6
fc37c9de-8ea1-4a57-9c92-4800e21ad36c,Gregg Stoltenberg Sr.,,2025-07-31 05:27:19.7,2025-10-05 23:38:51.6,2025-10-05 23:38:51.6